horizon,store_id,model,MAE,"MAPE, %",rows,fold
1,все,baseline_week_ago,71.84722222222223,10.887204941834192,72,1
1,все,baseline_two_weeks_ago,61.291666666666664,9.19273359894077,72,1
1,все,prophet,48.02868333254715,7.660129935074675,72,1
1,все,boosting,42.82443371918049,6.603358110002255,72,1
1,1,baseline_week_ago,67.11111111111111,12.726579264070963,36,1
1,1,baseline_two_weeks_ago,54.44444444444444,10.471342614526371,36,1
1,1,prophet,45.17676958710997,8.924660578678242,36,1
1,1,boosting,35.04820750340645,6.9020392801715955,36,1
1,20,baseline_week_ago,76.58333333333333,9.04783061959742,36,1
1,20,baseline_two_weeks_ago,68.13888888888889,7.914124583355169,36,1
1,20,prophet,50.88059707798433,6.395599291471112,36,1
1,20,boosting,50.60065993495452,6.3046769398329126,36,1
2,все,baseline_week_ago,71.84722222222223,10.887204941834192,72,1
2,все,baseline_two_weeks_ago,61.291666666666664,9.19273359894077,72,1
2,все,prophet,49.048917987917406,7.840319555270381,72,1
2,все,boosting,42.35883077916201,6.603988243286612,72,1
2,1,baseline_week_ago,67.11111111111111,12.726579264070963,36,1
2,1,baseline_two_weeks_ago,54.44444444444444,10.471342614526371,36,1
2,1,prophet,46.44729466423409,9.164591730787668,36,1
2,1,boosting,36.357229613062465,7.169009524792353,36,1
2,20,baseline_week_ago,76.58333333333333,9.04783061959742,36,1
2,20,baseline_two_weeks_ago,68.13888888888889,7.914124583355169,36,1
2,20,prophet,51.65054131160072,6.516047379753095,36,1
2,20,boosting,48.36043194526155,6.038966961780876,36,1
3,все,baseline_week_ago,71.84722222222223,10.887204941834192,72,1
3,все,baseline_two_weeks_ago,61.291666666666664,9.19273359894077,72,1
3,все,prophet,49.248352731549865,7.908787509133452,72,1
3,все,boosting,45.06953843258357,6.965306540347885,72,1
3,1,baseline_week_ago,67.11111111111111,12.726579264070963,36,1
3,1,baseline_two_weeks_ago,54.44444444444444,10.471342614526371,36,1
3,1,prophet,47.38034208844844,9.344839437822309,36,1
3,1,boosting,38.903041651336395,7.647338888819233,36,1
3,20,baseline_week_ago,76.58333333333333,9.04783061959742,36,1
3,20,baseline_two_weeks_ago,68.13888888888889,7.914124583355169,36,1
3,20,prophet,51.116363374651286,6.472735580444599,36,1
3,20,boosting,51.236035213830746,6.283274191876534,36,1
4,все,baseline_week_ago,71.84722222222223,10.887204941834192,72,1
4,все,baseline_two_weeks_ago,61.291666666666664,9.19273359894077,72,1
4,все,prophet,49.4593511557816,7.94996133892873,72,1
4,все,boosting,44.555449947683094,6.746787046741436,72,1
4,1,baseline_week_ago,67.11111111111111,12.726579264070963,36,1
4,1,baseline_two_weeks_ago,54.44444444444444,10.471342614526371,36,1
4,1,prophet,48.09838765477079,9.485356223478819,36,1
4,1,boosting,36.43561910674805,7.1550781436851345,36,1
4,20,baseline_week_ago,76.58333333333333,9.04783061959742,36,1
4,20,baseline_two_weeks_ago,68.13888888888889,7.914124583355169,36,1
4,20,prophet,50.820314656792384,6.414566454378639,36,1
4,20,boosting,52.675280788618124,6.338495949797738,36,1
5,все,baseline_week_ago,71.84722222222223,10.887204941834192,72,1
5,все,baseline_two_weeks_ago,61.291666666666664,9.19273359894077,72,1
5,все,prophet,49.640948036591155,8.006113755255447,72,1
5,все,boosting,44.17553599283479,6.7865237125668,72,1
5,1,baseline_week_ago,67.11111111111111,12.726579264070963,36,1
5,1,baseline_two_weeks_ago,54.44444444444444,10.471342614526371,36,1
5,1,prophet,48.60794324658982,9.59151092747681,36,1
5,1,boosting,37.89577018163997,7.427196287766829,36,1
5,20,baseline_week_ago,76.58333333333333,9.04783061959742,36,1
5,20,baseline_two_weeks_ago,68.13888888888889,7.914124583355169,36,1
5,20,prophet,50.673952826592505,6.420716583034085,36,1
5,20,boosting,50.45530180402961,6.145851137366771,36,1
6,все,baseline_week_ago,71.84722222222223,10.887204941834192,72,1
6,все,baseline_two_weeks_ago,61.291666666666664,9.19273359894077,72,1
6,все,prophet,49.649057158326805,8.004728971314131,72,1
6,все,boosting,44.187036375753756,6.822897728383823,72,1
6,1,baseline_week_ago,67.11111111111111,12.726579264070963,36,1
6,1,baseline_two_weeks_ago,54.44444444444444,10.471342614526371,36,1
6,1,prophet,48.86204743123332,9.646532730662354,36,1
6,1,boosting,37.730545736984226,7.439691138246141,36,1
6,20,baseline_week_ago,76.58333333333333,9.04783061959742,36,1
6,20,baseline_two_weeks_ago,68.13888888888889,7.914124583355169,36,1
6,20,prophet,50.43606688542028,6.362925211965911,36,1
6,20,boosting,50.643527014523286,6.206104318521508,36,1
7,все,baseline_week_ago,71.84722222222223,10.887204941834192,72,1
7,все,baseline_two_weeks_ago,61.291666666666664,9.19273359894077,72,1
7,все,prophet,50.226755298638714,8.068112421505967,72,1
7,все,boosting,44.48635119637575,6.877654664736029,72,1
7,1,baseline_week_ago,67.11111111111111,12.726579264070963,36,1
7,1,baseline_two_weeks_ago,54.44444444444444,10.471342614526371,36,1
7,1,prophet,48.775856585845695,9.637615919568383,36,1
7,1,boosting,38.761708826689265,7.628345629085014,36,1
7,20,baseline_week_ago,76.58333333333333,9.04783061959742,36,1
7,20,baseline_two_weeks_ago,68.13888888888889,7.914124583355169,36,1
7,20,prophet,51.67765401143172,6.498608923443554,36,1
7,20,boosting,50.21099356606222,6.126963700387046,36,1
1,все,baseline_week_ago,95.66161616161617,14.646304256562326,66,2
1,все,baseline_two_weeks_ago,81.25252525252526,12.663944546922087,66,2
1,все,prophet,46.11636790459124,6.696871139014923,66,2
1,все,boosting,48.041660850009016,7.124995504614665,66,2
1,1,baseline_week_ago,111.7979797979798,20.283370713737973,33,2
1,1,baseline_two_weeks_ago,101.22222222222221,18.239326542068962,33,2
1,1,prophet,38.47146070109061,6.838560345730837,33,2
1,1,boosting,42.80976101227584,7.722943904885677,33,2
1,20,baseline_week_ago,79.52525252525253,9.00923779938668,33,2
1,20,baseline_two_weeks_ago,61.282828282828284,7.088562551775213,33,2
1,20,prophet,53.76127510809187,6.5551819322990115,33,2
1,20,boosting,53.27356068774219,6.527047104343656,33,2
2,все,baseline_week_ago,95.66161616161617,14.646304256562326,66,2
2,все,baseline_two_weeks_ago,81.25252525252526,12.663944546922087,66,2
2,все,prophet,46.21888942371813,6.735523124301568,66,2
2,все,boosting,51.17930549830309,7.703590568948569,66,2
2,1,baseline_week_ago,111.7979797979798,20.283370713737973,33,2
2,1,baseline_two_weeks_ago,101.22222222222221,18.239326542068962,33,2
2,1,prophet,39.13905528398762,6.959189469680627,33,2
2,1,boosting,50.97578524307045,9.189179838410215,33,2
2,20,baseline_week_ago,79.52525252525253,9.00923779938668,33,2
2,20,baseline_two_weeks_ago,61.282828282828284,7.088562551775213,33,2
2,20,prophet,53.29872356344863,6.511856778922508,33,2
2,20,boosting,51.382825753535734,6.2180012994869225,33,2
3,все,baseline_week_ago,95.66161616161617,14.646304256562326,66,2
3,все,baseline_two_weeks_ago,81.25252525252526,12.663944546922087,66,2
3,все,prophet,46.594957956824715,6.782647557640366,66,2
3,все,boosting,53.635368919863865,8.143115771425338,66,2
3,1,baseline_week_ago,111.7979797979798,20.283370713737973,33,2
3,1,baseline_two_weeks_ago,101.22222222222221,18.239326542068962,33,2
3,1,prophet,39.30843842038665,6.984298723864285,33,2
3,1,boosting,55.442963073573125,9.968294135640571,33,2
3,20,baseline_week_ago,79.52525252525253,9.00923779938668,33,2
3,20,baseline_two_weeks_ago,61.282828282828284,7.088562551775213,33,2
3,20,prophet,53.881477493262786,6.580996391416447,33,2
3,20,boosting,51.827774766154604,6.317937407210106,33,2
4,все,baseline_week_ago,95.66161616161617,14.646304256562326,66,2
4,все,baseline_two_weeks_ago,81.25252525252526,12.663944546922087,66,2
4,все,prophet,46.529883560889,6.794463055736399,66,2
4,все,boosting,56.08611184008006,8.435501742102689,66,2
4,1,baseline_week_ago,111.7979797979798,20.283370713737973,33,2
4,1,baseline_two_weeks_ago,101.22222222222221,18.239326542068962,33,2
4,1,prophet,39.953124414765334,7.089682725848326,33,2
4,1,boosting,56.84581431801284,10.19612979939456,33,2
4,20,baseline_week_ago,79.52525252525253,9.00923779938668,33,2
4,20,baseline_two_weeks_ago,61.282828282828284,7.088562551775213,33,2
4,20,prophet,53.106642707012654,6.499243385624472,33,2
4,20,boosting,55.326409362147274,6.674873684810816,33,2
5,все,baseline_week_ago,95.66161616161617,14.646304256562326,66,2
5,все,baseline_two_weeks_ago,81.25252525252526,12.663944546922087,66,2
5,все,prophet,46.6389920904358,6.817379779695557,66,2
5,все,boosting,56.54014794834421,8.532486530028878,66,2
5,1,baseline_week_ago,111.7979797979798,20.283370713737973,33,2
5,1,baseline_two_weeks_ago,101.22222222222221,18.239326542068962,33,2
5,1,prophet,40.08958059755116,7.119282889659359,33,2
5,1,boosting,58.9480843680178,10.591449692700559,33,2
5,20,baseline_week_ago,79.52525252525253,9.00923779938668,33,2
5,20,baseline_two_weeks_ago,61.282828282828284,7.088562551775213,33,2
5,20,prophet,53.18840358332044,6.515476669731752,33,2
5,20,boosting,54.132211528670624,6.473523367357199,33,2
6,все,baseline_week_ago,95.66161616161617,14.646304256562326,66,2
6,все,baseline_two_weeks_ago,81.25252525252526,12.663944546922087,66,2
6,все,prophet,46.57031491027212,6.80467420761636,66,2
6,все,boosting,56.95318074650764,8.663443666769512,66,2
6,1,baseline_week_ago,111.7979797979798,20.283370713737973,33,2
6,1,baseline_two_weeks_ago,101.22222222222221,18.239326542068962,33,2
6,1,prophet,39.78904255422919,7.065464438612717,33,2
6,1,boosting,61.52718079163683,11.071701508817453,33,2
6,20,baseline_week_ago,79.52525252525253,9.00923779938668,33,2
6,20,baseline_two_weeks_ago,61.282828282828284,7.088562551775213,33,2
6,20,prophet,53.35158726631505,6.54388397662,33,2
6,20,boosting,52.37918070137845,6.255185824721569,33,2
7,все,baseline_week_ago,95.66161616161617,14.646304256562326,66,2
7,все,baseline_two_weeks_ago,81.25252525252526,12.663944546922087,66,2
7,все,prophet,46.05585499084353,6.732281862416112,66,2
7,все,boosting,55.99631802440947,8.551946131714224,66,2
7,1,baseline_week_ago,111.7979797979798,20.283370713737973,33,2
7,1,baseline_two_weeks_ago,101.22222222222221,18.239326542068962,33,2
7,1,prophet,39.2813384335093,6.981564626147388,33,2
7,1,boosting,61.239499080764425,10.982376369076006,33,2
7,20,baseline_week_ago,79.52525252525253,9.00923779938668,33,2
7,20,baseline_two_weeks_ago,61.282828282828284,7.088562551775213,33,2
7,20,prophet,52.83037154817775,6.4829990986848385,33,2
7,20,boosting,50.753136968054505,6.121515894352447,33,2
1,все,baseline_week_ago,77.87878787878788,12.047295214963203,66,3
1,все,baseline_two_weeks_ago,67.08080808080808,10.23938753242437,66,3
1,все,prophet,51.33633960721692,7.581185154810638,66,3
1,все,boosting,46.70180808609523,6.754279409395303,66,3
1,1,baseline_week_ago,69.64141414141415,13.78397396243628,33,3
1,1,baseline_two_weeks_ago,60.15151515151515,12.010744358686958,33,3
1,1,prophet,39.84270388672856,7.848548166367017,33,3
1,1,boosting,30.398586753663892,6.158304341244106,33,3
1,20,baseline_week_ago,86.1161616161616,10.310616467490123,33,3
1,20,baseline_two_weeks_ago,74.01010101010101,8.468030706161782,33,3
1,20,prophet,62.82997532770528,7.313822143254259,33,3
1,20,boosting,63.005029418526576,7.3502544775465015,33,3
2,все,baseline_week_ago,77.87878787878788,12.047295214963203,66,3
2,все,baseline_two_weeks_ago,67.08080808080808,10.23938753242437,66,3
2,все,prophet,51.88267253107986,7.672609083629464,66,3
2,все,boosting,50.0930873531265,7.397761025071925,66,3
2,1,baseline_week_ago,69.64141414141415,13.78397396243628,33,3
2,1,baseline_two_weeks_ago,60.15151515151515,12.010744358686958,33,3
2,1,prophet,40.540282562213015,7.984412898050902,33,3
2,1,boosting,36.10191751045276,7.338014609463967,33,3
2,20,baseline_week_ago,86.1161616161616,10.310616467490123,33,3
2,20,baseline_two_weeks_ago,74.01010101010101,8.468030706161782,33,3
2,20,prophet,63.22506249994671,7.360805269208029,33,3
2,20,boosting,64.08425719580025,7.4575074406798825,33,3
3,все,baseline_week_ago,77.87878787878788,12.047295214963203,66,3
3,все,baseline_two_weeks_ago,67.08080808080808,10.23938753242437,66,3
3,все,prophet,52.27186547152707,7.734119595868988,66,3
3,все,boosting,48.275012381261746,7.122411196208946,66,3
3,1,baseline_week_ago,69.64141414141415,13.78397396243628,33,3
3,1,baseline_two_weeks_ago,60.15151515151515,12.010744358686958,33,3
3,1,prophet,40.909624810147264,8.05111997549524,33,3
3,1,boosting,35.41937302720616,7.12316607832356,33,3
3,20,baseline_week_ago,86.1161616161616,10.310616467490123,33,3
3,20,baseline_two_weeks_ago,74.01010101010101,8.468030706161782,33,3
3,20,prophet,63.63410613290687,7.417119216242736,33,3
3,20,boosting,61.13065173531734,7.121656314094328,33,3
4,все,baseline_week_ago,77.87878787878788,12.047295214963203,66,3
4,все,baseline_two_weeks_ago,67.08080808080808,10.23938753242437,66,3
4,все,prophet,52.47764779472869,7.749144642579838,66,3
4,все,boosting,48.702818792880045,7.1768604159003395,66,3
4,1,baseline_week_ago,69.64141414141415,13.78397396243628,33,3
4,1,baseline_two_weeks_ago,60.15151515151515,12.010744358686958,33,3
4,1,prophet,41.10834540499451,8.079553908702476,33,3
4,1,boosting,35.56862798617377,7.1391153053333785,33,3
4,20,baseline_week_ago,86.1161616161616,10.310616467490123,33,3
4,20,baseline_two_weeks_ago,74.01010101010101,8.468030706161782,33,3
4,20,prophet,63.84695018446287,7.418735376457198,33,3
4,20,boosting,61.83700959958632,7.214605526467296,33,3
5,все,baseline_week_ago,77.87878787878788,12.047295214963203,66,3
5,все,baseline_two_weeks_ago,67.08080808080808,10.23938753242437,66,3
5,все,prophet,53.033886357336165,7.832359252417106,66,3
5,все,boosting,48.29615887557554,7.064403714309632,66,3
5,1,baseline_week_ago,69.64141414141415,13.78397396243628,33,3
5,1,baseline_two_weeks_ago,60.15151515151515,12.010744358686958,33,3
5,1,prophet,41.63371455378446,8.176389446652244,33,3
5,1,boosting,34.852221882180444,6.980255647914947,33,3
5,20,baseline_week_ago,86.1161616161616,10.310616467490123,33,3
5,20,baseline_two_weeks_ago,74.01010101010101,8.468030706161782,33,3
5,20,prophet,64.43405816088786,7.488329058181972,33,3
5,20,boosting,61.740095868970634,7.148551780704315,33,3
6,все,baseline_week_ago,77.87878787878788,12.047295214963203,66,3
6,все,baseline_two_weeks_ago,67.08080808080808,10.23938753242437,66,3
6,все,prophet,53.436750921975644,7.891980715625897,66,3
6,все,boosting,47.85926523702314,7.009412614283236,66,3
6,1,baseline_week_ago,69.64141414141415,13.78397396243628,33,3
6,1,baseline_two_weeks_ago,60.15151515151515,12.010744358686958,33,3
6,1,prophet,42.02344788323677,8.250555255731088,33,3
6,1,boosting,34.17558045823782,6.903602387756156,33,3
6,20,baseline_week_ago,86.1161616161616,10.310616467490123,33,3
6,20,baseline_two_weeks_ago,74.01010101010101,8.468030706161782,33,3
6,20,prophet,64.85005396071453,7.533406175520707,33,3
6,20,boosting,61.54295001580846,7.115222840810318,33,3
7,все,baseline_week_ago,77.87878787878788,12.047295214963203,66,3
7,все,baseline_two_weeks_ago,67.08080808080808,10.23938753242437,66,3
7,все,prophet,53.878390787322274,7.961776329902682,66,3
7,все,boosting,48.15277692879662,7.087395416855682,66,3
7,1,baseline_week_ago,69.64141414141415,13.78397396243628,33,3
7,1,baseline_two_weeks_ago,60.15151515151515,12.010744358686958,33,3
7,1,prophet,42.60996298680576,8.361407277876772,33,3
7,1,boosting,34.68436375794159,6.995363612072509,33,3
7,20,baseline_week_ago,86.1161616161616,10.310616467490123,33,3
7,20,baseline_two_weeks_ago,74.01010101010101,8.468030706161782,33,3
7,20,prophet,65.14681858783877,7.562145381928592,33,3
7,20,boosting,61.62119009965166,7.179427221638858,33,3
1,все,baseline_week_ago,77.91666666666667,11.702552522650139,72,4
1,все,baseline_two_weeks_ago,48.72222222222222,6.901748475919195,72,4
1,все,prophet,41.64098803602639,6.12509547184091,72,4
1,все,boosting,35.54104392597193,5.2528862578344215,72,4
1,1,baseline_week_ago,69.16666666666667,13.654301044203661,36,4
1,1,baseline_two_weeks_ago,36.166666666666664,7.013384082528014,36,4
1,1,prophet,33.85563738692363,6.6485251523570446,36,4
1,1,boosting,25.325975823454108,5.068056528176832,36,4
1,20,baseline_week_ago,86.66666666666667,9.750804001096608,36,4
1,20,baseline_two_weeks_ago,61.27777777777778,6.7901128693103745,36,4
1,20,prophet,49.42633868512915,5.601665791324776,36,4
1,20,boosting,45.75611202848975,5.437715987492011,36,4
2,все,baseline_week_ago,77.91666666666667,11.702552522650139,72,4
2,все,baseline_two_weeks_ago,48.72222222222222,6.901748475919195,72,4
2,все,prophet,42.658033133303356,6.268416444482622,72,4
2,все,boosting,34.73619669988432,5.105309126121024,72,4
2,1,baseline_week_ago,69.16666666666667,13.654301044203661,36,4
2,1,baseline_two_weeks_ago,36.166666666666664,7.013384082528014,36,4
2,1,prophet,34.58790856330782,6.784817791563443,36,4
2,1,boosting,24.012668771479113,4.820625644112561,36,4
2,20,baseline_week_ago,86.66666666666667,9.750804001096608,36,4
2,20,baseline_two_weeks_ago,61.27777777777778,6.7901128693103745,36,4
2,20,prophet,50.7281577032989,5.752015097401799,36,4
2,20,boosting,45.45972462828953,5.389992608129486,36,4
3,все,baseline_week_ago,77.91666666666667,11.702552522650139,72,4
3,все,baseline_two_weeks_ago,48.72222222222222,6.901748475919195,72,4
3,все,prophet,43.40174704384021,6.373055728437732,72,4
3,все,boosting,35.893652498568215,5.26692227516624,72,4
3,1,baseline_week_ago,69.16666666666667,13.654301044203661,36,4
3,1,baseline_two_weeks_ago,36.166666666666664,7.013384082528014,36,4
3,1,prophet,35.048519269434436,6.867439562482714,36,4
3,1,boosting,25.223551388790828,5.065844438666525,36,4
3,20,baseline_week_ago,86.66666666666667,9.750804001096608,36,4
3,20,baseline_two_weeks_ago,61.27777777777778,6.7901128693103745,36,4
3,20,prophet,51.75497481824598,5.878671894392753,36,4
3,20,boosting,46.5637536083456,5.4680001116659565,36,4
4,все,baseline_week_ago,77.91666666666667,11.702552522650139,72,4
4,все,baseline_two_weeks_ago,48.72222222222222,6.901748475919195,72,4
4,все,prophet,43.798212779720174,6.408694321509747,72,4
4,все,boosting,34.87522359463022,5.097758293785234,72,4
4,1,baseline_week_ago,69.16666666666667,13.654301044203661,36,4
4,1,baseline_two_weeks_ago,36.166666666666664,7.013384082528014,36,4
4,1,prophet,34.97340980932587,6.848116146102319,36,4
4,1,boosting,24.647542097289218,4.945218464529866,36,4
4,20,baseline_week_ago,86.66666666666667,9.750804001096608,36,4
4,20,baseline_two_weeks_ago,61.27777777777778,6.7901128693103745,36,4
4,20,prophet,52.62301575011449,5.969272496917174,36,4
4,20,boosting,45.102905091971216,5.250298123040605,36,4
5,все,baseline_week_ago,77.91666666666667,11.702552522650139,72,4
5,все,baseline_two_weeks_ago,48.72222222222222,6.901748475919195,72,4
5,все,prophet,44.043963921036934,6.406795877827691,72,4
5,все,boosting,36.576150447151626,5.360495517846877,72,4
5,1,baseline_week_ago,69.16666666666667,13.654301044203661,36,4
5,1,baseline_two_weeks_ago,36.166666666666664,7.013384082528014,36,4
5,1,prophet,34.60791917583136,6.769649235467269,36,4
5,1,boosting,26.51583804858892,5.348012426695783,36,4
5,20,baseline_week_ago,86.66666666666667,9.750804001096608,36,4
5,20,baseline_two_weeks_ago,61.27777777777778,6.7901128693103745,36,4
5,20,prophet,53.48000866624251,6.043942520188109,36,4
5,20,boosting,46.63646284571433,5.372978608997971,36,4
6,все,baseline_week_ago,77.91666666666667,11.702552522650139,72,4
6,все,baseline_two_weeks_ago,48.72222222222222,6.901748475919195,72,4
6,все,prophet,44.22439584809178,6.425286753419096,72,4
6,все,boosting,36.12891556336823,5.2754658501780005,72,4
6,1,baseline_week_ago,69.16666666666667,13.654301044203661,36,4
6,1,baseline_two_weeks_ago,36.166666666666664,7.013384082528014,36,4
6,1,prophet,34.511211634340526,6.749655411641093,36,4
6,1,boosting,25.410219774377335,5.104750197649185,36,4
6,20,baseline_week_ago,86.66666666666667,9.750804001096608,36,4
6,20,baseline_two_weeks_ago,61.27777777777778,6.7901128693103745,36,4
6,20,prophet,53.937580061843036,6.100918095197099,36,4
6,20,boosting,46.84761135235912,5.446181502706817,36,4
7,все,baseline_week_ago,77.91666666666667,11.702552522650139,72,4
7,все,baseline_two_weeks_ago,48.72222222222222,6.901748475919195,72,4
7,все,prophet,44.52368736650447,6.469026347395928,72,4
7,все,boosting,35.478592882892464,5.226362188490394,72,4
7,1,baseline_week_ago,69.16666666666667,13.654301044203661,36,4
7,1,baseline_two_weeks_ago,36.166666666666664,7.013384082528014,36,4
7,1,prophet,34.82357214540596,6.810039802517396,36,4
7,1,boosting,25.965085213168706,5.243832720780675,36,4
7,20,baseline_week_ago,86.66666666666667,9.750804001096608,36,4
7,20,baseline_two_weeks_ago,61.27777777777778,6.7901128693103745,36,4
7,20,prophet,54.22380258760297,6.128012892274459,36,4
7,20,boosting,44.99210055261622,5.208891656200112,36,4
все,все,baseline_week_ago,71.84722222222223,10.887204941834193,504,1
все,все,baseline_two_weeks_ago,61.291666666666664,9.192733598940771,504,1
все,все,prophet,49.32886652876467,7.919736212354684,504,1
все,все,boosting,43.95102520622477,6.772359435152119,504,1
все,1,baseline_week_ago,67.11111111111111,12.726579264070963,252,1
все,1,baseline_two_weeks_ago,54.44444444444444,10.471342614526371,252,1
все,1,prophet,47.62123446546174,9.399301078353512,252,1
все,1,boosting,37.30458894569526,7.338385556080898,252,1
все,20,baseline_week_ago,76.58333333333333,9.047830619597422,252,1
все,20,baseline_two_weeks_ago,68.13888888888889,7.914124583355167,252,1
все,20,prophet,51.03649859206761,6.440171346355856,252,1
все,20,boosting,50.5974614667543,6.2063333142233414,252,1
все,все,baseline_week_ago,95.66161616161615,14.64630425656233,462,2
все,все,baseline_two_weeks_ago,81.25252525252525,12.663944546922087,462,2
все,все,prophet,46.389322976796365,6.766262960917327,462,2
все,все,boosting,54.06172768964534,8.16501141651484,462,2
все,1,baseline_week_ago,111.7979797979798,20.283370713737973,231,2
все,1,baseline_two_weeks_ago,101.22222222222223,18.239326542068955,231,2
все,1,prophet,39.43314862935999,7.005434745649078,231,2
все,1,boosting,55.398441126764475,9.96029646413215,231,2
все,20,baseline_week_ago,79.52525252525254,9.00923779938668,231,2
все,20,baseline_two_weeks_ago,61.28282828282828,7.088562551775213,231,2
все,20,prophet,53.34549732423274,6.527091176185576,231,2
все,20,boosting,52.725014252526194,6.369726368897531,231,2
все,все,baseline_week_ago,77.87878787878788,12.047295214963201,462,3
все,все,baseline_two_weeks_ago,67.08080808080808,10.23938753242437,462,3
все,все,prophet,52.61679335302666,7.774739253547802,462,3
все,все,boosting,48.29727537925127,7.087503398860723,462,3
все,1,baseline_week_ago,69.64141414141415,13.783973962436283,231,3
все,1,baseline_two_weeks_ago,60.15151515151515,12.010744358686958,231,3
все,1,prophet,41.238297441130044,8.107426704125105,231,3
все,1,boosting,34.4572387679795,6.948260283158376,231,3
все,20,baseline_week_ago,86.1161616161616,10.310616467490119,231,3
все,20,baseline_two_weeks_ago,74.01010101010102,8.468030706161784,231,3
все,20,prophet,63.995289264923265,7.442051802970498,231,3
все,20,boosting,62.13731199052303,7.226746514563072,231,3
все,все,baseline_week_ago,77.91666666666667,11.702552522650135,504,4
все,все,baseline_two_weeks_ago,48.72222222222222,6.901748475919193,504,4
все,все,prophet,43.470146875503325,6.353767277844819,504,4
все,все,boosting,35.60425365892385,5.226457072774599,504,4
все,1,baseline_week_ago,69.16666666666667,13.654301044203665,252,4
все,1,baseline_two_weeks_ago,36.166666666666664,7.013384082528015,252,4
все,1,prophet,34.629739712081374,6.782606157447327,252,4
все,1,boosting,25.30012587387832,5.085191488658776,252,4
все,20,baseline_week_ago,86.66666666666667,9.750804001096608,252,4
все,20,baseline_two_weeks_ago,61.27777777777778,6.7901128693103745,252,4
все,20,prophet,52.31055403892529,5.924928398242311,252,4
все,20,boosting,45.9083814439694,5.367722656890422,252,4
